{
  "model_name": "CNN_LSTM_Attention_IDS",
  "trained_at": "2026-07-16T15:30:27.904109",
  "training_time_seconds": 254.943995,
  "total_epochs_trained": 34,
  "input_shape": [
    10,
    42
  ],
  "num_classes": 5,
  "class_names": [
    "DoS",
    "Normal",
    "Probe",
    "R2L",
    "U2R"
  ],
  "sequence_length": 10,
  "dataset_used": "unsw-nb15",
  "loss_function": "FocalLoss",
  "focal_gamma": 1.5,
  "focal_alpha": [
    1.3793609580119388,
    0.6619365948919264,
    0.7170610365243442,
    0.9711870182156795,
    2.9406690401026117
  ],
  "label_smoothing": 0.05,
  "batch_size": 256,
  "learning_rate": 0.001,
  "early_stopping_monitor": "val_macro_f1"
}